                  epoch,           train/box_om,           train/cls_om,           train/dfl_om,           train/box_oo,           train/cls_oo,           train/dfl_oo,   metrics/precision(B),      metrics/recall(B),       metrics/mAP50(B),    metrics/mAP50-95(B),             val/box_om,             val/cls_om,             val/dfl_om,             val/box_oo,             val/cls_oo,             val/dfl_oo,                 lr/pg0,                 lr/pg1,                 lr/pg2
                      1,                 1.1678,                 2.7212,                 1.4483,                 1.0814,                 3.8092,                  1.382,                0.01103,                0.75859,                0.09092,                0.06329,                 1.1401,                 3.0817,                 1.3525,                 1.0163,                 5.3513,                 1.2563,             0.00026672,             0.00026672,             0.00026672
                      2,                 1.1085,                 1.9364,                 1.3915,                 1.0177,                 3.2503,                 1.2878,                0.01001,                0.73933,                0.14969,                0.10625,                 1.1863,                 3.0266,                 1.3912,                 1.0187,                 5.2986,                 1.3019,             0.00054648,             0.00054648,             0.00054648
                      3,                 1.1552,                 1.5616,                 1.4311,                 1.0479,                 3.0775,                 1.3113,                0.59931,                0.09555,                0.16656,                0.11399,                 1.5271,                 2.9966,                 1.9753,                 1.3069,                 5.4203,                 1.6056,              0.0008225,              0.0008225,              0.0008225
                      4,                 1.2038,                 1.6125,                 1.3851,                 1.1489,                 2.9385,                 1.3037,                 0.5125,                0.07296,                0.19172,                0.11615,                 1.2976,                 2.5852,                 1.5674,                 1.2041,                 5.0974,                 1.4107,              0.0010948,              0.0010948,              0.0010948
                      5,                 1.1137,                  1.358,                 1.3252,                 1.1148,                  2.651,                  1.277,                0.00814,                0.52531,                0.06079,                0.02212,                 2.3197,                 3.4025,                 2.6118,                 2.1184,                  5.683,                  2.285,              0.0013633,              0.0013633,              0.0013633
                      6,                 1.1257,                 1.4114,                 1.3479,                 1.1211,                 2.6222,                 1.2904,                0.53608,                0.27975,                0.30021,                0.17363,                 1.3985,                 2.1308,                 1.6813,                 1.3942,                 4.3052,                 1.6747,               0.001612,               0.001612,               0.001612
                      7,                 1.1036,                 1.3303,                 1.3171,                 1.1591,                 2.2819,                 1.2962,                0.45121,                0.44619,                0.36653,                0.20895,                 1.3201,                 1.7953,                 1.5271,                 1.2922,                 4.0244,                 1.4425,               0.001612,               0.001612,               0.001612
                      8,                 1.1029,                 1.2471,                 1.2936,                 1.1923,                 2.2129,                 1.3055,                0.34927,                0.40298,                0.32427,                 0.1753,                 1.5772,                 2.5169,                 1.7461,                 1.4813,                 4.4786,                 1.6018,               0.001601,               0.001601,               0.001601
                      9,                 1.0715,                 1.2266,                 1.2836,                  1.147,                 2.0897,                 1.2865,                0.48336,                0.47807,                0.47822,                0.30785,                  1.265,                 1.8951,                 1.5296,                 1.2843,                 3.5558,                 1.4776,                0.00159,                0.00159,                0.00159
                     10,                 1.0591,                 1.1441,                 1.2706,                 1.1374,                  1.927,                 1.2692,                0.47049,                0.32927,                0.36139,                0.23005,                 1.2023,                 2.1484,                 1.4057,                 1.2279,                 3.8072,                 1.4073,               0.001579,               0.001579,               0.001579
                     11,                 1.0302,                 1.0821,                 1.2638,                 1.0983,                 1.7775,                 1.2621,                0.47525,                0.50344,                0.43064,                0.27818,                 1.1954,                 2.0107,                 1.3962,                 1.2817,                 3.4517,                 1.4484,               0.001568,               0.001568,               0.001568
                     12,                 1.0199,                 1.1339,                 1.2513,                 1.0846,                 1.7845,                 1.2493,                0.55555,                0.57995,                0.51518,                0.33655,                 1.1506,                 1.6603,                 1.3683,                 1.2205,                 2.8289,                  1.379,               0.001557,               0.001557,               0.001557
                     13,                 1.0711,                 1.1378,                 1.2707,                 1.1534,                 1.7821,                 1.2747,                0.64207,                0.43445,                0.50294,                0.31797,                 1.2712,                 1.6136,                 1.4561,                 1.2905,                 2.6846,                   1.43,               0.001546,               0.001546,               0.001546
                     14,                 1.0349,                 1.0583,                 1.2563,                 1.1082,                 1.6187,                 1.2707,                0.63072,                0.57462,                0.58892,                0.38121,                 1.2197,                 1.4071,                 1.4114,                 1.2682,                 2.2409,                  1.375,               0.001535,               0.001535,               0.001535
                     15,                 1.0026,                 1.0414,                 1.2255,                 1.0694,                 1.5133,                  1.226,                0.50011,                0.63435,                0.53161,                0.34359,                 1.1689,                 1.6695,                  1.378,                 1.1827,                 2.4832,                 1.3243,               0.001524,               0.001524,               0.001524
                     16,                 1.0376,                 1.0755,                 1.2496,                 1.1087,                 1.5341,                 1.2374,                 0.6236,                0.60165,                0.60454,                 0.3986,                 1.1243,                 1.4833,                 1.3274,                 1.1832,                 2.2248,                 1.3143,               0.001513,               0.001513,               0.001513
                     17,                  1.022,                 1.0282,                  1.231,                 1.0914,                 1.4229,                 1.2381,                0.58232,                0.58304,                0.56969,                0.39243,                 1.0628,                 1.6541,                 1.2744,                 1.1636,                 2.3928,                 1.2712,               0.001502,               0.001502,               0.001502
                     18,                0.97236,                 0.9871,                  1.222,                 1.0686,                 1.3915,                 1.2309,                0.60127,                0.61368,                 0.5875,                0.40671,                 1.0529,                 1.3265,                 1.2652,                 1.1699,                 2.2493,                 1.2966,               0.001491,               0.001491,               0.001491
                     19,                0.96673,                0.97842,                 1.2185,                 1.0377,                 1.3524,                 1.2149,                0.49503,                0.59516,                0.50357,                0.33047,                 1.1577,                 1.6669,                 1.3221,                 1.2158,                 2.7361,                 1.3462,                0.00148,                0.00148,                0.00148
                     20,                0.98547,                0.95819,                 1.2091,                 1.0749,                 1.2815,                 1.2233,                0.49371,                0.48275,                0.47286,                0.30906,                 1.2747,                 2.1408,                 1.4514,                  1.324,                 2.6202,                  1.408,               0.001469,               0.001469,               0.001469
                     21,                 1.0035,                0.96968,                 1.2323,                 1.0765,                   1.32,                 1.2367,                0.56717,                0.65422,                0.63212,                0.44593,                 1.0425,                 1.2907,                 1.2289,                 1.1465,                 1.7836,                 1.2418,               0.001458,               0.001458,               0.001458
                     22,                0.93479,                0.97269,                 1.2232,                 1.0259,                  1.283,                 1.2407,                0.75888,                0.61003,                0.68545,                0.48157,                 1.0497,                 1.0528,                 1.2492,                 1.1397,                    1.5,                 1.2572,               0.001447,               0.001447,               0.001447
                     23,                0.94119,                0.91298,                 1.1917,                  1.027,                 1.1781,                 1.1917,                0.69309,                0.66068,                0.68732,                0.47912,                 1.0442,                 1.0184,                   1.26,                 1.0986,                 1.4003,                 1.2238,               0.001436,               0.001436,               0.001436
                     24,                0.95751,                0.88616,                 1.1808,                 1.0442,                 1.1417,                 1.1902,                0.71954,                 0.6567,                0.69902,                0.50646,                 1.0384,                 1.0467,                 1.2291,                 1.1051,                 1.4493,                 1.2237,               0.001425,               0.001425,               0.001425
                     25,                 1.0277,                 1.0865,                 1.2747,                 1.1264,                 1.3915,                 1.2924,                0.68637,                0.66698,                0.70231,                0.50937,                 1.0264,                 1.1509,                 1.2378,                 1.0644,                 1.4559,                 1.2033,              0.0014139,              0.0014139,              0.0014139
                     26,                0.93362,                0.88119,                  1.175,                 1.0177,                 1.1446,                 1.1801,                0.76386,                0.69844,                0.73228,                 0.5298,                0.96919,                0.98135,                 1.1845,                 1.0372,                 1.2902,                 1.1989,              0.0014029,              0.0014029,              0.0014029
                     27,                0.94843,                0.87519,                 1.1825,                 1.0491,                 1.0815,                 1.1945,                 0.7256,                0.69411,                0.71802,                0.50145,                 1.0113,                 1.0312,                 1.2155,                 1.0488,                 1.4531,                 1.2094,              0.0013919,              0.0013919,              0.0013919
                     28,                0.91188,                0.88415,                 1.1745,                0.99118,                 1.1416,                 1.1841,                0.80454,                0.70854,                0.78581,                0.57288,                0.98166,                0.88915,                 1.1832,                 1.0531,                 1.1633,                 1.1801,              0.0013809,              0.0013809,              0.0013809
                     29,                0.88872,                0.82101,                 1.1668,                 0.9788,                 1.0666,                 1.1761,                0.72947,                0.67686,                0.74257,                0.54126,                0.97598,                0.92506,                 1.1789,                 1.0535,                 1.1906,                 1.1642,              0.0013699,              0.0013699,              0.0013699
                     30,                0.95651,                0.85161,                 1.2099,                 1.0326,                 1.0626,                 1.2084,                0.71209,                0.71371,                0.75329,                0.52354,                 1.0367,                0.98103,                 1.2269,                 1.1233,                 1.3515,                 1.2466,              0.0013589,              0.0013589,              0.0013589
                     31,                0.90795,                 0.8227,                 1.1556,                 1.0141,                 1.0536,                 1.1683,                0.68217,                 0.6279,                0.68206,                 0.4949,                 1.0391,                 1.2066,                 1.2673,                 1.0837,                 1.6229,                 1.2381,              0.0013479,              0.0013479,              0.0013479
                     32,                0.92918,                0.86046,                 1.1758,                 1.0178,                 1.0997,                 1.1659,                0.74271,                 0.6522,                0.72442,                0.53016,                0.96615,                0.98934,                 1.2017,                 1.0253,                 1.2319,                 1.1981,              0.0013369,              0.0013369,              0.0013369
                     33,                0.90937,                0.83673,                 1.1762,                 1.0089,                 1.0216,                 1.1818,                0.74633,                0.69683,                0.72063,                0.51175,                0.99148,                0.99028,                 1.1988,                 1.0581,                 1.2954,                 1.1867,              0.0013259,              0.0013259,              0.0013259
                     34,                0.93745,                0.78936,                 1.1864,                 1.0311,                0.95251,                 1.1918,                0.78847,                0.69921,                0.76138,                0.54734,                0.99771,                0.87061,                 1.1873,                 1.0605,                 1.0883,                 1.1884,              0.0013149,              0.0013149,              0.0013149
                     35,                0.89854,                0.75794,                 1.1429,                 1.0114,                0.93899,                  1.162,                0.74049,                0.66203,                 0.7622,                0.56571,                0.95958,                0.87623,                 1.1662,                0.98029,                 1.0791,                 1.1557,              0.0013039,              0.0013039,              0.0013039
                     36,                0.92263,                0.78226,                 1.1671,                 1.0028,                0.94332,                 1.1755,                0.76928,                0.66708,                0.74629,                 0.5535,                0.96273,                 0.8772,                 1.1667,                 1.0605,                 1.0917,                 1.1898,              0.0012929,              0.0012929,              0.0012929
                     37,                0.87735,                0.75248,                 1.1283,                0.98106,                 0.9217,                 1.1441,                0.79344,                0.72427,                0.77599,                 0.5639,                0.97103,                0.82258,                 1.1669,                 1.0537,                  1.048,                 1.2001,              0.0012819,              0.0012819,              0.0012819
                     38,                 0.8875,                0.74723,                 1.1447,                0.97867,                0.90705,                 1.1618,                0.75907,                0.73715,                0.78283,                0.57646,                0.99136,                0.82953,                  1.174,                 1.0499,                 1.0327,                 1.1899,              0.0012709,              0.0012709,              0.0012709
                     39,                0.86099,                0.74089,                  1.138,                0.94544,                 0.8904,                 1.1483,                0.79847,                0.75148,                 0.7964,                 0.5901,                0.96309,                0.85274,                 1.1639,                 1.0405,                 1.0247,                 1.1922,              0.0012599,              0.0012599,              0.0012599
                     40,                0.87532,                0.73987,                 1.1411,                0.95002,                0.89836,                 1.1419,                0.73824,                0.71539,                0.76907,                0.55176,                0.98086,                0.95084,                 1.1803,                 1.0334,                 1.1356,                 1.1637,              0.0012489,              0.0012489,              0.0012489
                     41,                0.85838,                  0.753,                 1.1429,                0.95303,                0.91339,                 1.1595,                0.76673,                0.72653,                0.77989,                0.56721,                0.96004,                0.85013,                 1.1648,                 1.0016,                 1.0456,                 1.1519,              0.0012379,              0.0012379,              0.0012379
                     42,                0.84972,                0.70539,                 1.1224,                0.92515,                0.82252,                 1.1249,                0.82072,                0.70832,                0.78454,                0.58727,                0.91061,                0.83214,                 1.1401,                0.97785,                0.98262,                 1.1304,              0.0012269,              0.0012269,              0.0012269
                     43,                0.82261,                0.69113,                 1.1206,                0.90313,                0.83017,                 1.1293,                0.83064,                0.73832,                0.79618,                 0.5974,                0.93239,                0.79114,                 1.1481,                 1.0281,                0.93322,                 1.1554,              0.0012159,              0.0012159,              0.0012159
                     44,                0.81811,                0.78319,                 1.1145,                0.93995,                0.94153,                 1.1396,                 0.7694,                0.71906,                  0.789,                0.57218,                0.96719,                0.82437,                 1.1607,                 1.0449,                0.94559,                 1.1685,              0.0012049,              0.0012049,              0.0012049
                     45,                0.82636,                0.70893,                  1.127,                0.91572,                0.83158,                 1.1447,                0.78388,                0.72013,                0.78358,                0.57276,                0.97264,                0.83787,                 1.1667,                 1.0538,                 0.9698,                 1.1694,              0.0011939,              0.0011939,              0.0011939
                     46,                0.84334,                 0.7628,                 1.1272,                0.91599,                0.88246,                 1.1325,                0.81507,                0.68602,                0.77751,                0.55866,                0.98064,                0.87428,                  1.175,                 1.0612,                 1.1277,                 1.1826,              0.0011829,              0.0011829,              0.0011829
                     47,                0.86973,                0.68908,                 1.1291,                 0.9613,                0.82562,                 1.1411,                0.78574,                0.72801,                0.79333,                0.58315,                0.94402,                 0.7996,                 1.1347,                 1.0405,                0.99311,                 1.1639,              0.0011719,              0.0011719,              0.0011719
                     48,                0.83089,                0.68129,                 1.1164,                0.92514,                0.79462,                 1.1349,                  0.834,                0.68806,                0.77231,                0.56807,                0.93618,                0.78501,                 1.1357,                 1.0284,                 0.9479,                 1.1513,              0.0011609,              0.0011609,              0.0011609
                     49,                0.81463,                0.67348,                 1.1174,                0.91314,                0.77871,                 1.1224,                0.82667,                0.78972,                0.82109,                0.59691,                0.93659,                 0.8007,                   1.13,                 1.0041,                 0.9134,                 1.1316,              0.0011499,              0.0011499,              0.0011499
                     50,                0.82759,                0.64982,                 1.1178,                0.91437,                0.77124,                 1.1173,                0.75078,                0.76739,                0.80179,                0.57748,                0.92988,                  0.817,                 1.1363,                 1.0023,                0.97811,                 1.1362,              0.0011389,              0.0011389,              0.0011389
                     51,                0.83013,                0.65852,                 1.1161,                0.90904,                0.74548,                 1.1314,                0.80307,                0.73969,                 0.8109,                0.58736,                0.96897,                0.73347,                 1.1516,                 1.0167,                0.91989,                  1.154,              0.0011279,              0.0011279,              0.0011279
                     52,                0.83879,                0.68454,                 1.1102,                0.93267,                0.79805,                 1.1223,                0.75834,                 0.7857,                0.80648,                0.58193,                0.98559,                0.76103,                 1.1481,                 1.0301,                0.92108,                 1.1515,              0.0011169,              0.0011169,              0.0011169
                     53,                0.83034,                0.66243,                 1.1111,                 0.9145,                0.74105,                  1.126,                0.76329,                0.73087,                0.79984,                0.60061,                0.92341,                0.73918,                  1.139,                 1.0013,                0.91682,                 1.1556,              0.0011059,              0.0011059,              0.0011059
                     54,                0.81352,                0.64153,                 1.1119,                0.89701,                0.72271,                 1.1205,                0.77112,                 0.7207,                0.76405,                0.57406,                0.90206,                0.83772,                 1.1103,                0.96745,                 1.0008,                 1.1098,              0.0010949,              0.0010949,              0.0010949
                     55,                0.83144,                0.65176,                 1.1209,                0.92144,                0.73324,                 1.1329,                0.82338,                0.70813,                0.80447,                0.58951,                 0.9176,                0.70633,                 1.1314,                0.98336,                0.87104,                 1.1311,              0.0010839,              0.0010839,              0.0010839
                     56,                0.81019,                0.63445,                 1.1126,                0.89207,                0.72529,                  1.116,                0.85757,                0.67348,                0.79894,                  0.603,                0.92219,                0.76028,                 1.1427,                0.98869,                0.95002,                 1.1381,              0.0010729,              0.0010729,              0.0010729
                     57,                0.76851,                0.62447,                 1.0814,                0.88944,                0.73194,                 1.1049,                0.75667,                 0.7532,                0.78739,                0.59207,                0.87405,                0.86073,                 1.0924,                0.95402,                 1.1214,                 1.0993,              0.0010619,              0.0010619,              0.0010619
                     58,                0.82572,                  0.697,                 1.1162,                0.91107,                0.79002,                 1.1316,                0.81627,                0.71247,                0.81153,                 0.6051,                0.92551,                0.73491,                 1.1346,                0.98375,                0.91939,                 1.1103,              0.0010509,              0.0010509,              0.0010509
                     59,                0.78789,                0.60904,                 1.0977,                0.86811,                0.68874,                 1.1063,                0.84751,                 0.7416,                0.82143,                0.62313,                0.90542,                0.72151,                 1.1045,                 0.9767,                0.87914,                 1.1167,              0.0010399,              0.0010399,              0.0010399
                     60,                0.78855,                0.60663,                 1.0913,                0.86036,                0.68722,                 1.0961,                0.77174,                0.74287,                0.79065,                0.58822,                0.91198,                0.78012,                 1.1162,                0.98827,                0.95574,                 1.1184,              0.0010289,              0.0010289,              0.0010289
                     61,                0.77075,                0.59685,                  1.084,                 0.8561,                  0.676,                 1.0945,                0.79091,                0.76233,                0.79126,                0.58627,                0.91248,                0.72859,                 1.1232,                 1.0026,                0.90512,                  1.131,              0.0010179,              0.0010179,              0.0010179
                     62,                 0.7667,                0.58367,                 1.0947,                0.84557,                0.65657,                 1.1064,                0.81991,                0.73868,                0.82333,                 0.6167,                0.90596,                0.67412,                 1.1165,                0.96426,                0.81415,                  1.104,              0.0010069,              0.0010069,              0.0010069
                     63,                0.78266,                0.67499,                 1.0983,                0.86835,                0.70975,                 1.1047,                0.83491,                0.79866,                0.84419,                 0.6493,                0.87029,                0.64044,                  1.079,                0.93259,                0.74866,                 1.0869,             0.00099587,             0.00099587,             0.00099587
                     64,                0.79264,                0.61647,                 1.0836,                0.87875,                0.69836,                 1.1016,                0.78554,                0.71492,                0.75081,                0.55646,                0.92833,                0.82766,                 1.1287,                 0.9978,                0.98901,                 1.1274,             0.00098486,             0.00098486,             0.00098486
                     65,                 0.7915,                0.61252,                 1.1162,                0.86717,                0.68114,                 1.1271,                0.81063,                0.74407,                0.79525,                0.59457,                0.92714,                0.74518,                 1.1445,                0.99739,                0.83747,                 1.1482,             0.00097386,             0.00097386,             0.00097386
                     66,                0.78719,                 0.6344,                 1.0845,                0.89087,                0.72729,                 1.0986,                0.83385,                 0.7445,                0.82494,                0.61314,                0.92331,                0.68703,                 1.1574,                0.97759,                0.79775,                  1.146,             0.00096286,             0.00096286,             0.00096286
                     67,                0.75874,                0.57497,                 1.0656,                0.83036,                0.64551,                  1.073,                0.79633,                0.77157,                0.81399,                0.61626,                0.90396,                0.69871,                 1.1115,                0.97546,                0.83035,                 1.1055,             0.00095186,             0.00095186,             0.00095186
                     68,                0.77633,                0.61592,                 1.1322,                0.84591,                0.71067,                 1.1384,                 0.8669,                0.70806,                0.83679,                0.61125,                0.96713,                0.69567,                 1.1603,                 1.0484,                0.80123,                 1.1629,             0.00094085,             0.00094085,             0.00094085
                     69,                0.76253,                0.58936,                 1.0807,                0.84441,                0.67655,                 1.0983,                0.81929,                0.73282,                0.81791,                0.60301,                0.92149,                0.72634,                 1.1582,                0.98536,                0.88119,                 1.1391,             0.00092985,             0.00092985,             0.00092985
                     70,                0.74141,                 0.5682,                 1.0498,                0.82125,                0.62932,                 1.0677,                0.77477,                0.80573,                0.84902,                0.63297,                 0.8782,                0.66128,                 1.1041,                0.94002,                0.82051,                 1.0969,             0.00091885,             0.00091885,             0.00091885
                     71,                0.77882,                0.60172,                 1.0809,                0.86816,                0.67919,                 1.0973,                 0.8271,                 0.7426,                0.81839,                0.62619,                0.86351,                0.69813,                 1.1154,                  0.948,                0.83665,                 1.1088,             0.00090785,             0.00090785,             0.00090785
                     72,                0.76778,                0.57526,                 1.0723,                0.84783,                0.62548,                 1.0775,                0.78799,                0.77074,                0.81136,                0.60953,                0.90457,                0.70132,                  1.124,                0.96541,                0.83918,                 1.1172,             0.00089685,             0.00089685,             0.00089685
                     73,                0.72426,                0.56705,                 1.0488,                0.78725,                0.59482,                 1.0516,                0.81741,                0.77149,                0.83034,                0.62454,                0.88911,                0.73841,                 1.1178,                0.93793,                0.88603,                 1.1032,             0.00088584,             0.00088584,             0.00088584
                     74,                0.75213,                 0.5619,                 1.0771,                0.82875,                 0.6115,                 1.0905,                0.78605,                0.76267,                 0.7765,                0.58095,                0.87259,                0.78034,                 1.0938,                0.94814,                0.92693,                 1.0891,             0.00087484,             0.00087484,             0.00087484
                     75,                0.73818,                0.54789,                 1.0757,                0.82282,                 0.6128,                 1.0947,                0.82605,                0.72819,                0.82684,                0.62022,                0.88518,                0.66919,                 1.1037,                0.97357,                0.80152,                 1.1065,             0.00086384,             0.00086384,             0.00086384
                     76,                0.72371,                0.57272,                 1.0725,                0.81345,                0.63205,                 1.0965,                0.76591,                0.75723,                0.81226,                0.60089,                0.90321,                0.70768,                 1.1285,                0.97513,                0.85085,                 1.1201,             0.00085284,             0.00085284,             0.00085284
                     77,                0.72479,                0.54322,                 1.0666,                0.80222,                0.59258,                  1.083,                0.86775,                0.74846,                0.83505,                0.63278,                0.86079,                0.64763,                 1.0927,                0.93774,                0.75989,                 1.1013,             0.00084184,             0.00084184,             0.00084184
                     78,                0.73067,                0.55139,                 1.0593,                 0.8171,                 0.6105,                 1.0692,                0.79088,                0.80245,                0.84897,                0.62827,                0.90712,                0.64066,                 1.1233,                 0.9676,                0.78392,                 1.1211,             0.00083083,             0.00083083,             0.00083083
                     79,                0.73384,                0.53848,                 1.0586,                0.80078,                0.58737,                 1.0724,                0.79949,                0.78146,                0.84327,                0.64008,                0.87317,                 0.6388,                 1.1218,                0.94199,                0.79743,                  1.118,             0.00081983,             0.00081983,             0.00081983
                     80,                0.76568,                0.60312,                 1.0919,                 0.8288,                0.67246,                 1.1013,                0.82534,                0.77649,                0.83711,                0.63251,                 0.8846,                0.69823,                 1.1085,                0.95197,                0.79387,                 1.1105,             0.00080883,             0.00080883,             0.00080883
                     81,                0.73235,                0.52827,                 1.0631,                0.81042,                0.57094,                  1.075,                0.83586,                0.79972,                0.85726,                0.65259,                0.86932,                0.61604,                 1.1231,                0.92954,                0.73077,                 1.1109,             0.00079783,             0.00079783,             0.00079783
                     82,                0.74637,                0.55885,                 1.0706,                0.83109,                0.63492,                 1.0871,                 0.8746,                0.74739,                0.83767,                 0.6399,                0.85735,                0.61262,                 1.0958,                0.93345,                0.71479,                 1.0941,             0.00078682,             0.00078682,             0.00078682
                     83,                0.69708,                0.50616,                 1.0406,                0.76995,                0.55635,                 1.0529,                0.87412,                0.72548,                 0.8289,                0.63618,                0.84174,                0.64186,                 1.0833,                0.92511,                0.76778,                 1.0854,             0.00077582,             0.00077582,             0.00077582
                     84,                0.70591,                 0.5203,                 1.0472,                0.75987,                0.54745,                 1.0548,                0.90724,                0.77045,                0.86593,                0.66569,                 0.8499,                0.57477,                 1.0887,                0.95197,                0.68756,                 1.1037,             0.00076482,             0.00076482,             0.00076482
                     85,                 0.6835,                0.50829,                 1.0448,                0.77093,                0.55081,                 1.0644,                0.89438,                0.71265,                0.83326,                0.61869,                0.91729,                0.66879,                  1.157,                0.97245,                0.77246,                 1.1441,             0.00075382,             0.00075382,             0.00075382
                     86,                0.72006,                0.56313,                  1.057,                0.78806,                0.60954,                 1.0709,                0.87912,                0.77549,                0.85028,                 0.6459,                0.88444,                0.62137,                 1.1183,                0.96463,                0.68828,                 1.1166,             0.00074282,             0.00074282,             0.00074282
                     87,                0.71774,                0.51706,                 1.0736,                0.79222,                0.54695,                  1.088,                0.91367,                0.76772,                  0.861,                0.63584,                0.91643,                0.60104,                 1.1453,                0.98708,                0.68835,                 1.1545,             0.00073181,             0.00073181,             0.00073181
                     88,                0.68869,                0.50536,                 1.0482,                0.76261,                0.54056,                 1.0667,                0.82876,                0.75822,                0.84719,                0.65681,                0.85297,                0.60253,                 1.1037,                 0.9108,                0.72054,                  1.096,             0.00072081,             0.00072081,             0.00072081
                     89,                0.66196,                 0.4912,                 1.0193,                0.72818,                0.51063,                 1.0337,                 0.8196,                 0.7948,                 0.8545,                0.65791,                0.86959,                0.60265,                   1.12,                0.92154,                0.73608,                 1.1061,             0.00070981,             0.00070981,             0.00070981
                     90,                0.70369,                0.50621,                 1.0419,                0.77495,                0.54377,                 1.0579,                0.86385,                0.79633,                0.86251,                0.66517,                0.84623,                0.57698,                 1.0991,                0.91749,                0.64699,                 1.1046,             0.00069881,             0.00069881,             0.00069881
                     91,                0.68764,                0.51059,                 1.0459,                0.75931,                0.56314,                 1.0537,                0.88385,                 0.7839,                0.85202,                0.65165,                 0.8799,                 0.5989,                 1.1185,                0.94351,                0.67724,                 1.1276,              0.0006878,              0.0006878,              0.0006878
                     92,                0.69598,                 0.5363,                 1.0452,                0.77798,                0.60124,                 1.0609,                0.84999,                0.75829,                0.83423,                0.63649,                0.86897,                0.63674,                 1.1268,                0.93604,                0.76484,                 1.1355,              0.0006768,              0.0006768,              0.0006768
                     93,                0.69551,                0.50014,                 1.0469,                0.77434,                0.55953,                 1.0623,                0.82999,                0.79676,                0.84607,                0.65445,                0.88167,                0.56977,                  1.135,                0.95834,                0.69557,                 1.1436,              0.0006658,              0.0006658,              0.0006658
                     94,                 0.6667,                0.48085,                 1.0363,                0.74814,                 0.5214,                 1.0584,                 0.8532,                0.78485,                0.86306,                0.65502,                0.86354,                0.55058,                 1.1128,                0.94021,                0.66307,                 1.1192,              0.0006548,              0.0006548,              0.0006548
                     95,                0.66705,                0.47306,                 1.0376,                0.73362,                0.50554,                 1.0505,                 0.8585,                0.73622,                0.83883,                0.63662,                0.85108,                0.60767,                 1.0992,                0.91124,                0.75931,                 1.0876,              0.0006438,              0.0006438,              0.0006438
                     96,                0.68017,                0.49449,                 1.0445,                0.75467,                0.52365,                 1.0585,                0.83539,                0.78189,                 0.8414,                0.64228,                0.84561,                0.62036,                 1.0782,                0.91107,                0.75356,                 1.0788,             0.00063279,             0.00063279,             0.00063279
                     97,                0.69244,                0.51587,                 1.0545,                0.77047,                0.56266,                 1.0693,                0.88307,                0.77412,                0.86512,                0.66899,                0.84464,                0.57323,                 1.0901,                0.89943,                0.66451,                 1.0762,             0.00062179,             0.00062179,             0.00062179
                     98,                0.70285,                0.48607,                 1.0389,                0.77122,                0.49145,                 1.0482,                  0.839,                0.82444,                 0.8653,                0.66522,                0.86484,                0.57639,                  1.091,                0.91943,                0.67119,                 1.0802,             0.00061079,             0.00061079,             0.00061079
                     99,                0.68323,                0.48297,                 1.0377,                0.74113,                0.49158,                 1.0427,                0.87106,                0.79611,                0.87298,                0.66733,                0.84401,                 0.5561,                 1.0837,                0.91504,                0.65126,                 1.0814,             0.00059979,             0.00059979,             0.00059979
                    100,                0.66968,                0.48327,                 1.0287,                0.74758,                0.51658,                 1.0437,                0.83307,                 0.7596,                0.84846,                0.65319,                0.83734,                 0.5842,                 1.0873,                0.89379,                0.72717,                 1.0743,             0.00058878,             0.00058878,             0.00058878
                    101,                0.71224,                0.56716,                 1.1038,                0.78926,                0.63842,                 1.1063,                0.87127,                0.73732,                0.83492,                0.64297,                0.84723,                0.61273,                 1.1045,                0.91073,                0.71827,                 1.0966,             0.00057778,             0.00057778,             0.00057778
                    102,                0.66768,                0.48185,                 1.0315,                 0.7512,                0.53812,                 1.0542,                0.86314,                0.74408,                0.85262,                0.64525,                0.85891,                0.57846,                 1.0998,                 0.9365,                0.68306,                 1.0988,             0.00056678,             0.00056678,             0.00056678
                    103,                0.64373,                0.44896,                 1.0142,                0.71514,                0.46493,                 1.0241,                0.82635,                0.79563,                0.86601,                0.65975,                 0.8543,                0.56234,                 1.0945,                0.92106,                0.67926,                  1.084,             0.00055578,             0.00055578,             0.00055578
                    104,                0.65942,                0.46054,                  1.036,                0.74453,                0.49776,                 1.0535,                 0.8844,                0.72134,                0.82883,                0.63465,                0.81809,                0.62388,                 1.0729,                0.90668,                0.71528,                   1.07,             0.00054478,             0.00054478,             0.00054478
                    105,                 0.6519,                0.44553,                 1.0219,                0.72093,                0.47921,                 1.0299,                0.83229,                0.74135,                0.81009,                 0.6259,                0.83871,                0.69133,                    1.1,                0.93316,                0.78073,                 1.1068,             0.00053377,             0.00053377,             0.00053377
                    106,                0.65801,                0.45836,                 1.0236,                0.72185,                0.48397,                 1.0346,                0.81936,                0.79202,                0.85058,                0.65146,                0.83434,                0.61419,                 1.1039,                0.94188,                0.69411,                 1.1175,             0.00052277,             0.00052277,             0.00052277
                    107,                 0.6343,                0.46428,                 1.0192,                0.70949,                0.50558,                 1.0379,                 0.8907,                0.75065,                0.85753,                0.65384,                0.84623,                0.58768,                 1.1204,                0.94166,                0.70406,                 1.1225,             0.00051177,             0.00051177,             0.00051177
                    108,                0.61368,                0.44577,                 1.0123,                0.68162,                0.48445,                 1.0292,                0.83269,                0.78222,                0.84635,                0.64662,                 0.8418,                 0.6157,                 1.1053,                0.91743,                0.72656,                 1.1051,             0.00050077,             0.00050077,             0.00050077
                    109,                0.62461,                0.46252,                 1.0167,                 0.6901,                0.49271,                 1.0277,                0.81306,                0.78087,                 0.8318,                0.63346,                 0.8451,                0.65117,                 1.1008,                0.92571,                0.75466,                 1.1018,             0.00048976,             0.00048976,             0.00048976
                    110,                0.61653,                0.44168,                  1.013,                0.68174,                0.47508,                 1.0255,                0.90617,                0.75753,                0.86594,                0.65949,                0.84216,                 0.5719,                 1.0869,                0.91781,                0.64602,                 1.0935,             0.00047876,             0.00047876,             0.00047876
                    111,                  0.606,                  0.452,                  1.019,                0.67268,                0.48057,                 1.0291,                0.86773,                0.77175,                0.86723,                0.67054,                0.82892,                0.59315,                 1.0784,                0.88269,                0.65518,                 1.0737,             0.00046776,             0.00046776,             0.00046776
                    112,                0.63976,                0.46759,                 1.0235,                0.70219,                0.52988,                 1.0346,                0.77454,                0.79131,                0.82739,                0.63403,                0.85861,                0.67892,                 1.0948,                0.89756,                0.82554,                 1.0747,             0.00045676,             0.00045676,             0.00045676
                    113,                0.61567,                0.43888,                 1.0193,                0.68633,                0.47314,                 1.0322,                0.87311,                0.78088,                0.87466,                0.66891,                0.84519,                0.55982,                  1.086,                0.92401,                 0.6217,                  1.085,             0.00044576,             0.00044576,             0.00044576
                    114,                0.65395,                0.46332,                 1.0413,                0.72677,                 0.5036,                  1.055,                0.87563,                0.81604,                0.88505,                0.68357,                0.83717,                 0.5332,                 1.0916,                0.91961,                0.60678,                 1.0885,             0.00043475,             0.00043475,             0.00043475
                    115,                0.61309,                0.44074,                  1.012,                0.67353,                0.47698,                 1.0172,                0.87209,                0.81229,                0.87839,                0.68088,                0.83425,                0.53862,                 1.0794,                 0.9212,                0.61143,                 1.0806,             0.00042375,             0.00042375,             0.00042375
                    116,                0.60124,                0.42266,                0.99462,                0.67291,                0.45262,                 1.0074,                 0.8596,                0.79847,                0.86882,                0.66982,                0.84526,                0.56625,                 1.0882,                0.92436,                0.61543,                 1.0905,             0.00041275,             0.00041275,             0.00041275
                    117,                0.57505,                  0.419,                0.98827,                0.63229,                0.42694,                0.99511,                0.85666,                0.79612,                0.87071,                0.67438,                0.84392,                0.56848,                 1.0843,                0.91996,                0.66197,                 1.0812,             0.00040175,             0.00040175,             0.00040175
                    118,                0.58358,                0.42431,                 1.0093,                0.63588,                0.43012,                 1.0234,                0.88814,                 0.7954,                0.88013,                0.67404,                0.85413,                 0.5576,                 1.1065,                0.93532,                0.65341,                 1.0985,             0.00039074,             0.00039074,             0.00039074
                    119,                0.59699,                  0.443,                 1.0007,                 0.6716,                0.48647,                 1.0082,                0.89754,                0.82883,                0.89368,                0.68732,                0.84465,                0.51201,                 1.0951,                0.93441,                0.58863,                  1.097,             0.00037974,             0.00037974,             0.00037974
                    120,                0.62506,                0.44645,                 1.0241,                0.70498,                 0.4779,                 1.0383,                0.92129,                0.74615,                0.87498,                0.67347,                0.83807,                0.53575,                 1.0775,                0.91017,                0.63733,                 1.0679,             0.00036874,             0.00036874,             0.00036874
                    121,                0.61123,                 0.4374,                0.99878,                0.67557,                0.46119,                 1.0033,                0.84689,                0.80791,                0.86384,                0.66027,                0.84085,                0.56941,                 1.0863,                0.91731,                0.64767,                 1.0778,             0.00035774,             0.00035774,             0.00035774
                    122,                0.58193,                 0.4161,                 0.9916,                0.65975,                0.44631,                 1.0057,                0.81698,                0.81769,                0.86429,                0.66883,                0.83692,                0.57494,                 1.0845,                0.90797,                0.65487,                 1.0784,             0.00034674,             0.00034674,             0.00034674
                    123,                0.59329,                0.43164,                 1.0138,                0.68225,                0.47655,                 1.0287,                0.85449,                0.79552,                 0.8621,                0.67081,                0.83306,                0.56535,                 1.0942,                0.90313,                0.65666,                 1.0826,             0.00033573,             0.00033573,             0.00033573
                    124,                0.58032,                0.41639,                0.97885,                0.63923,                0.43743,                0.99243,                0.88958,                0.78052,                0.86998,                0.67611,                 0.8477,                0.56133,                 1.1025,                0.91108,                0.64787,                 1.0876,             0.00032473,             0.00032473,             0.00032473
                    125,                0.59904,                0.45786,                0.98633,                 0.6799,                 0.4938,                0.99912,                0.91482,                0.81712,                0.88543,                0.68734,                0.83243,                0.51517,                 1.1028,                0.90411,                0.57724,                 1.0919,             0.00031373,             0.00031373,             0.00031373
                    126,                0.57579,                0.41531,                0.98181,                0.65674,                0.44638,                0.99109,                0.88582,                0.83065,                0.88889,                0.69356,                0.83076,                0.50666,                 1.0846,                0.90345,                0.55236,                  1.083,             0.00030273,             0.00030273,             0.00030273
                    127,                0.57467,                0.41162,                0.98567,                0.65318,                0.44374,                  0.996,                0.87544,                0.81396,                0.88243,                0.68245,                0.83754,                0.52875,                 1.0988,                0.89577,                0.59378,                 1.0811,             0.00029172,             0.00029172,             0.00029172
                    128,                0.58153,                0.41527,                 0.9925,                0.64518,                0.42727,                 1.0076,                0.91731,                0.77448,                0.88194,                  0.679,                0.82045,                0.51819,                 1.0683,                0.89075,                0.59441,                  1.075,             0.00028072,             0.00028072,             0.00028072
                    129,                0.57235,                0.40094,                0.98177,                   0.64,                0.41971,                0.99364,                0.90066,                0.78194,                0.87508,                0.68551,                0.81776,                0.51975,                 1.0747,                0.89067,                0.59523,                 1.0771,             0.00026972,             0.00026972,             0.00026972
                    130,                0.58616,                0.42052,                0.99316,                0.64107,                0.44489,                 1.0029,                0.89254,                0.80032,                0.88018,                0.68669,                0.82063,                0.51765,                 1.0755,                0.89767,                0.61604,                 1.0736,             0.00025872,             0.00025872,             0.00025872
                    131,                0.58663,                0.40588,                0.99218,                0.64067,                 0.4373,                 1.0046,                0.87026,                0.81983,                0.88325,                0.68214,                0.82468,                0.52394,                  1.075,                0.90414,                0.60358,                 1.0749,             0.00024772,             0.00024772,             0.00024772
                    132,                 0.6145,                0.44029,                0.99828,                0.68654,                0.46325,                 1.0018,                0.84383,                 0.8244,                0.88218,                0.68732,                0.81386,                0.51771,                 1.0728,                0.88981,                0.61025,                  1.068,             0.00023671,             0.00023671,             0.00023671
                    133,                0.60622,                0.40979,                0.98885,                0.67843,                0.41573,                0.99906,                0.89796,                0.77858,                0.88022,                0.68491,                0.81323,                0.50474,                 1.0769,                0.89464,                0.60018,                 1.0777,             0.00022571,             0.00022571,             0.00022571
                    134,                0.59357,                0.38997,                 1.0034,                0.65087,                0.41596,                 1.0079,                0.87708,                0.78189,                0.87923,                0.67541,                0.82115,                0.52746,                 1.0902,                0.89886,                0.61686,                 1.0856,             0.00021471,             0.00021471,             0.00021471
                    135,                0.55709,                0.38065,                0.96576,                0.62391,                0.39287,                0.97502,                0.84988,                 0.8312,                0.88401,                0.67587,                0.82947,                0.52303,                 1.0876,                0.91073,                0.60136,                 1.0894,             0.00020371,             0.00020371,             0.00020371
                    136,                0.56486,                0.38991,                0.97394,                0.62908,                0.40038,                0.98639,                0.85667,                0.82782,                0.88622,                0.68011,                 0.8303,                0.51665,                  1.094,                0.90625,                0.59302,                 1.0928,             0.00019271,             0.00019271,             0.00019271
                    137,                0.55463,                0.45085,                 1.0066,                0.61695,                0.48865,                 1.0198,                0.88916,                0.81769,                0.89192,                0.68612,                0.82877,                0.49971,                 1.0932,                0.91116,                0.56117,                 1.0886,              0.0001817,              0.0001817,              0.0001817
                    138,                0.56183,                 0.3867,                0.98076,                0.62627,                0.37946,                 0.9864,                0.88133,                0.81431,                0.88705,                0.68845,                0.82593,                0.50394,                 1.0933,                0.90482,                 0.5842,                 1.0805,              0.0001707,              0.0001707,              0.0001707
                    139,                0.55545,                0.38074,                0.97985,                0.60825,                0.40643,                0.98948,                0.89514,                0.79602,                0.88726,                0.68733,                0.81244,                0.50314,                 1.0709,                0.89282,                   0.59,                 1.0689,              0.0001597,              0.0001597,              0.0001597
                    140,                0.55878,                0.40859,                0.98992,                0.61406,                0.44969,                  1.002,                0.88439,                0.81612,                0.89606,                0.69184,                0.82966,                0.48634,                 1.0777,                0.90184,                0.57418,                 1.0715,              0.0001487,              0.0001487,              0.0001487
                    141,                0.48469,                0.35418,                0.92012,                0.51634,                0.36075,                0.92482,                 0.9179,                0.81445,                0.89846,                0.69138,                0.83932,                0.48471,                 1.0965,                0.91426,                0.54167,                 1.0883,             0.00013769,             0.00013769,             0.00013769
                    142,                0.48933,                  0.315,                0.92245,                0.51887,                0.29846,                0.92734,                0.93538,                0.80636,                0.89538,                0.69376,                0.83991,                0.49423,                  1.113,                0.91326,                0.55193,                 1.0956,             0.00012669,             0.00012669,             0.00012669
                    143,                0.46935,                0.30821,                 0.9071,                0.49476,                 0.3026,                0.91158,                0.88143,                0.82914,                0.89533,                0.69353,                0.83712,                0.50249,                 1.1037,                0.91036,                0.56989,                 1.0986,             0.00011569,             0.00011569,             0.00011569
                    144,                0.46768,                0.29484,                0.90619,                 0.5006,                0.27674,                0.91306,                0.89393,                0.80525,                0.89436,                0.68959,                0.84597,                0.50956,                  1.111,                0.91855,                0.57773,                 1.1049,             0.00010469,             0.00010469,             0.00010469
                    145,                0.47333,                0.29953,                0.90289,                0.50123,                0.27182,                0.90699,                0.91282,                0.80791,                0.89575,                 0.6929,                0.83283,                0.50513,                 1.1054,                0.90954,                0.57544,                 1.1019,             9.3685e-05,             9.3685e-05,             9.3685e-05
                    146,                 0.4953,                0.36934,                  0.936,                0.52723,                0.37637,                0.93969,                 0.8999,                0.82142,                0.89372,                 0.6899,                 0.8292,                0.49885,                 1.1003,                0.90216,                0.58114,                 1.0953,             8.2683e-05,             8.2683e-05,             8.2683e-05
                    147,                0.48865,                0.32568,                 0.9294,                0.52582,                0.30692,                0.93152,                0.90065,                0.83156,                0.89452,                0.69147,                0.84044,                0.49776,                 1.1059,                0.91511,                0.57112,                 1.1019,             7.1681e-05,             7.1681e-05,             7.1681e-05
                    148,                0.43924,                 0.2913,                0.88046,                0.46559,                0.26676,                0.88527,                0.89801,                0.83695,                0.89194,                0.68805,                0.83645,                0.49928,                 1.1092,                0.91556,                 0.5754,                 1.1034,             6.0679e-05,             6.0679e-05,             6.0679e-05
                    149,                0.48928,                 0.3066,                0.93548,                0.51067,                0.27716,                0.93378,                0.93449,                0.80127,                0.89144,                0.68717,                0.83642,                0.50026,                 1.1169,                0.91952,                0.57075,                 1.1089,             4.9677e-05,             4.9677e-05,             4.9677e-05
                    150,                0.46245,                0.31899,                0.90281,                0.49307,                0.28801,                0.91011,                0.93129,                0.80227,                0.89046,                 0.6846,                0.83882,                0.49497,                 1.1252,                0.91124,                0.59425,                 1.0929,             3.8674e-05,             3.8674e-05,             3.8674e-05
